customer_id,name,email,country,registered_at
1,Allison Hill,raymond43@example.org,FJ,2025-10-28T03:14:06
2,Noah Rhodes,fitzgeraldvictor@example.com,UZ,2024-09-23T06:21:27
3,Angie Henderson,greenjorge@example.com,FR,2023-08-19T06:49:28
4,Daniel Wagner,wendymitchell@example.com,IN,2025-09-21T19:57:26
5,Cristian Santos,davidfarrell@example.com,SK,2025-02-13T09:10:38
6,Connie Lawrence,rachelwallace@example.org,FR,2025-09-17T20:33:35
7,Abigail Shaffer,elizabeth18@example.net,MK,2025-09-09T04:45:57
8,Gina Moore,patricia22@example.com,MA,2025-06-03T01:17:36
9,Gabrielle Davis,davidharris@example.org,NE,2025-08-06T03:07:24
10,Ryan Munoz,kristyjohnson@example.net,KE,2023-09-18T00:38:12
11,Monica Herrera,tanner82@example.net,DK,2024-10-14T09:35:15
12,Jamie Arnold,jonesraymond@example.net,BB,2026-04-19T00:27:36
13,Lisa Hensley,xfox@example.com,SY,2024-05-05T23:06:37
14,Michele Williams,martinezlogan@example.org,SB,2024-11-20T11:51:12
15,Dylan Miller,howens@example.com,GE,2025-09-17T05:06:41
16,Brian Ramirez,nataliedeleon@example.net,FM,2023-11-16T19:47:20
17,Holly Wood,katrinaanderson@example.net,RO,2023-12-07T23:14:36
18,Derek Zuniga,guerraapril@example.com,LS,2024-03-27T22:39:32
19,Lisa Jackson,fernandodonovan@example.org,GW,2025-10-24T14:53:01
20,Carla Gray,stacey84@example.org,AD,2025-10-17T05:04:56
21,Margaret Hawkins DDS,james84@example.org,AL,2023-07-23T07:01:56
22,Patty Perez,christina18@example.net,SV,2026-03-11T19:29:15
23,Ethan Adams,brittanycarpenter@example.org,BT,2023-10-21T14:41:41
24,Tommy Walter,megan90@example.org,CG,2024-06-03T08:13:52
25,Matthew Foster,williamsdarlene@example.net,TO,2026-05-18T05:37:59
26,Judy Baker,debra96@example.net,SV,2026-03-15T19:43:45
27,Justin Baker,jimenezcourtney@example.com,SA,2024-06-07T01:28:23
28,Stephanie Ross,timothy64@example.com,CZ,2026-06-10T15:29:08
29,Zachary Hicks,barkereric@example.com,BW,2025-04-30T21:24:10
30,Anthony Rodriguez,vmarshall@example.net,SE,2023-12-20T08:24:02
31,Rebecca Henderson,larryhiggins@example.net,BO,2024-05-26T06:17:24
32,James Ferrell,theresa25@example.net,RS,2025-10-24T06:39:30
33,Tricia Valencia,floressteven@example.com,RS,2026-07-07T13:52:52
34,Nathan Maldonado,gwright@example.org,BZ,2025-05-18T00:34:05
35,Debra Davidson,sonia96@example.org,IE,2026-04-11T07:16:31
36,Jeffrey Chavez,lisapeck@example.net,BA,2023-10-31T22:34:30
37,Sherri Baker,james27@example.net,HT,2026-06-11T15:17:07
38,Cassandra Gaines,tjimenez@example.com,PH,2024-03-06T18:06:52
39,Elizabeth Fowler,davisphillip@example.com,KE,2023-08-17T19:18:08
40,Brittany Farmer,jasongomez@example.org,IN,2025-06-24T06:53:09
41,Paula Moreno,troy74@example.net,PL,2024-12-08T04:58:26
42,Fred Smith,booneryan@example.com,BE,2023-09-08T18:13:57
43,Sherry Decker,kathryn50@example.com,BZ,2023-11-24T20:44:38
44,Anthony Humphrey,hudsonjames@example.net,EC,2023-11-02T16:36:46
45,Angelica Tucker,charles87@example.net,BB,2023-10-04T04:59:19
46,Philip Cannon,marcia99@example.org,JP,2024-04-13T09:45:25
47,John Pierce,theresalong@example.com,ML,2024-08-06T05:32:21
48,Shane Henderson,kari39@example.net,GD,2025-11-24T20:36:56
49,Joshua Blair,cporter@example.org,KW,2023-10-29T07:59:59
50,Eric Carney,jenniferbrock@example.net,NP,2025-12-21T01:52:34
51,Jessica Holmes,ghernandez@example.org,SZ,2024-06-29T12:58:21
52,Danny Morgan,sarah52@example.com,CI,2024-08-16T16:49:23
53,Crystal Robinson,brittney88@example.net,BY,2025-04-05T03:22:47
54,Mark Perez,terickson@example.com,PS,2025-03-05T16:37:56
55,Shannon Jones,richardsonemily@example.com,BD,2025-06-11T16:54:43
56,Michael Lewis,laura09@example.com,AG,2026-03-16T21:55:51
57,Timothy Duncan,tammy99@example.org,CU,2025-03-31T04:38:36
58,Richard Aguirre,silvageorge@example.net,HR,2025-05-14T14:04:18
59,Brent Jordan,rhernandez@example.org,KH,2024-11-14T10:08:01
60,John Daniel,armstrongjackie@example.org,DO,2023-08-07T03:28:09
61,Victoria Garcia,alexanderrobert@example.com,LS,2025-03-07T23:24:37
62,Gerald Hensley,roberthampton@example.com,MK,2026-05-22T20:07:28
63,Connor West,thorntonapril@example.net,OM,2024-01-11T16:29:12
64,Donald Wright,whitney78@example.com,VU,2025-10-19T17:47:56
65,Jessica Callahan,sue78@example.com,IQ,2023-07-21T01:39:22
66,Amber Kidd,erica49@example.com,ES,2026-04-03T07:42:05
67,Tracy House,susanramirez@example.com,BW,2026-02-26T11:27:48
68,Carol Tucker,shellyhendrix@example.com,MR,2023-10-18T03:23:47
69,James Brown,hannahburns@example.com,LV,2026-01-06T14:46:39
70,William Baker,ann44@example.org,EG,2023-09-20T14:43:10
71,Jordan Henderson,zhuang@example.com,CI,2026-07-04T16:30:15
72,Whitney Peters,kellyroberts@example.net,MZ,2023-11-01T16:03:32
73,Brittney Phillips,reedscott@example.com,MZ,2025-01-17T13:45:21
74,Lauren Daniels,ilewis@example.com,PH,2025-08-31T00:50:55
75,Amy Silva,derrick99@example.org,IR,2023-12-23T18:44:53
76,Sarah Moore,brentstein@example.org,MV,2024-10-04T03:37:11
77,Angela Lopez,briangutierrez@example.net,FM,2026-06-11T09:08:17
78,Megan Young,xgarcia@example.org,QA,2024-10-22T00:53:49
79,Steve Sanchez,oconnelltiffany@example.org,NL,2026-02-08T04:08:31
80,Lisa Barnes,edelgado@example.com,CF,2023-11-23T06:52:36
81,Kelly Donovan,katelynmitchell@example.com,DM,2024-09-21T05:27:33
82,Mike Allen,velezchristopher@example.net,CG,2025-05-21T19:28:40
83,Michael Evans,amandasharp@example.org,CO,2025-02-23T09:51:25
84,Paul Jones,robertmonroe@example.org,MC,2025-03-16T16:37:05
85,Zachary Ferrell,lfrench@example.net,RS,2026-05-03T07:16:24
86,Daniel Baker,nancy04@example.net,BH,2023-08-28T18:44:58
87,Shirley Suarez,hebertmatthew@example.com,DJ,2025-07-17T05:16:11
88,Christopher Bass,ismall@example.net,CA,2024-03-10T17:53:23
89,Lisa Archer,znelson@example.org,NI,2025-10-17T14:50:53
90,Aimee Montoya,francisco74@example.net,UA,2024-06-17T10:55:00
91,Matthew Mcmillan,alexisrogers@example.com,RO,2024-02-08T18:23:51
92,Brian Rodriguez,gregorychase@example.com,TN,2025-03-10T06:59:15
93,Denise Jacobs,frobertson@example.com,GD,2025-11-05T15:48:40
94,Christina Walters,lopezdonald@example.com,OM,2024-10-12T03:19:21
95,John Whitehead,adamreyes@example.com,EG,2026-03-22T20:39:51
96,Anna Henderson,stephanie49@example.net,VA,2024-02-20T17:15:13
97,Aaron Wise,greenmichael@example.org,MU,2024-10-16T22:04:48
98,Deborah Figueroa,contrerassteven@example.org,MK,2026-05-29T00:53:38
99,Jessica Smith,tparks@example.com,VA,2026-04-13T10:42:18
100,Stephen Mckee,fowlershelia@example.com,AT,2025-02-10T13:02:31
101,Sandra Aguilar,jeffreyanderson@example.org,LA,2023-07-29T05:26:17
102,Cameron Parker,madkins@example.com,ZA,2025-11-17T18:36:20
103,Rebecca Valencia,emiles@example.net,CO,2025-11-20T04:13:42
104,Christine Wright,kathleenbecker@example.net,RO,2024-02-16T12:31:41
105,Richard Henson,foxallison@example.com,RU,2024-01-19T08:16:05
106,Marc Moore,starkdaniel@example.net,CG,2023-09-14T19:08:38
107,Sharon Cherry,ashleyhernandez@example.com,NG,2023-07-19T17:15:15
108,Sierra Johnson,nwilson@example.net,OM,2025-12-17T14:13:30
109,Evelyn Galvan,gdavis@example.com,BD,2026-01-23T18:38:05
110,Sharon Cochran,chavezwilliam@example.com,BI,2025-03-15T02:09:32
111,Richard Rodriguez,hansenemily@example.com,IL,2025-10-23T08:12:29
112,Shannon Walker,fosterlisa@example.net,TD,2025-11-08T10:57:23
113,Julia Torres,bethwilliams@example.com,KW,2023-11-21T03:29:15
114,Crystal Johnson,weaverbrian@example.org,AL,2024-10-27T05:26:16
115,Garrett Lin,ajohnson@example.org,MA,2024-06-02T05:04:03
116,Diana May,katiegood@example.net,GD,2024-12-27T01:26:49
117,William Herrera,ybrooks@example.com,SL,2024-06-04T19:51:13
118,Ashley Waller,rbennett@example.net,CH,2025-04-12T22:36:10
119,Victor Baker,desireebailey@example.org,TR,2026-04-10T07:48:00
120,Jeffrey Chandler,urice@example.org,RS,2025-09-15T03:04:40
121,Larry Dixon,avilatiffany@example.com,TM,2024-02-18T04:50:24
122,Kenneth Scott,opatel@example.org,GR,2024-03-17T22:32:30
123,April Frost,rreed@example.org,SV,2024-04-22T17:28:27
124,Michelle Harmon,johnsondonna@example.net,LU,2024-06-18T21:18:01
125,Helen Jones,allencarlos@example.net,SI,2026-02-24T04:51:54
126,Erin Edwards,griffinemily@example.org,SK,2024-08-07T12:37:29
127,Michelle Evans,joymorales@example.org,FM,2024-05-08T18:44:05
128,Jason Powell,karenparsons@example.org,ME,2024-01-05T23:09:59
129,Cameron Fisher,jim95@example.net,VN,2024-04-18T15:14:38
130,Megan Orr,joel28@example.org,BY,2026-05-19T05:35:52
131,Elizabeth Kelley,dturner@example.net,NR,2025-12-09T03:55:51
132,Dustin Jordan,conniesimmons@example.com,HR,2023-10-04T09:28:16
133,Mary Marshall,comptonshelly@example.net,ZA,2025-11-10T12:22:51
134,Daniel Kennedy,ufloyd@example.net,HU,2025-06-27T10:56:29
135,Rebecca Jackson,trussell@example.com,RO,2026-04-08T08:56:10
136,Jose Schultz,karenwells@example.org,LY,2025-11-11T18:42:37
137,Robert Potter,meredith27@example.org,HR,2023-11-02T12:45:20
138,Courtney Gonzalez,jfaulkner@example.net,GD,2024-10-05T10:02:42
139,David Alvarez,paulscott@example.com,BA,2026-05-20T07:58:10
140,Angel Perry,nielsenmelanie@example.org,MV,2023-10-24T13:11:38
141,Cheyenne Horton,brettbennett@example.net,CZ,2024-08-04T08:02:24
142,David Douglas Jr.,russojacob@example.net,TH,2023-12-11T10:58:45
143,Patricia Rodriguez,timothybooth@example.com,VA,2024-05-13T13:59:22
144,Christopher Rubio,susan03@example.org,BF,2025-12-29T19:54:11
145,Amber Wright,burgesskaren@example.org,AG,2025-08-06T17:30:11
146,Joyce Solis,randyallen@example.com,BA,2024-12-06T20:44:42
147,Victoria Larson,oscar85@example.com,DJ,2025-01-16T16:48:41
148,Stephanie Salazar,michael77@example.org,SD,2024-01-27T01:56:07
149,Kathy Rivas,ugill@example.org,PW,2026-05-19T17:26:27
150,Stephanie Manning,lawrence09@example.org,SA,2026-04-25T03:31:56
151,David Wright,allentran@example.net,DM,2024-07-10T05:44:48
152,Pamela Boyd,mphillips@example.com,BO,2023-12-14T07:40:42
153,Denise Jones,noahwhitaker@example.com,GB,2024-09-26T20:24:41
154,Devon Flores,jonathan77@example.com,RW,2026-02-28T06:57:02
155,Brenda Hall,jessicabell@example.org,LI,2023-10-28T08:23:31
156,Michelle Brown,iwhite@example.net,GY,2024-05-07T11:52:40
157,Joshua Perry,warrenmary@example.org,LS,2024-11-16T13:38:48
158,Jason Stein,duranrobert@example.net,IT,2025-08-04T15:56:52
159,Melissa Gates,carloshernandez@example.org,BE,2025-06-10T23:01:41
160,Jamie Smith,nbrooks@example.net,SD,2024-12-02T23:21:26
161,Paul Castaneda,bhopkins@example.org,GR,2026-02-23T08:38:22
162,Jennifer Adkins,hsmith@example.net,SY,2026-05-01T06:46:18
163,Lindsey Walker,amanda40@example.net,BA,2024-10-28T18:08:11
164,Jeffrey Johnson,ldrake@example.org,MT,2026-06-23T03:43:16
165,Michael Powell,warrenjohn@example.net,NA,2026-01-04T09:09:43
166,John Anderson,lisa46@example.org,GW,2024-03-04T15:25:27
167,Alyssa Long,susan79@example.org,BR,2025-12-06T11:02:07
168,Alyssa Day,kevinclayton@example.org,PK,2025-12-08T11:52:17
169,Joel Williams,davisnicholas@example.net,PA,2025-01-28T03:01:42
170,Daniel Murphy,abrown@example.net,TO,2024-11-14T07:28:59
171,Jamie Walton,christopherbruce@example.net,PE,2025-05-07T06:11:07
172,Darlene Miller,ariel18@example.org,BT,2024-03-29T21:03:54
173,Joshua Cooke,jasonparrish@example.net,SB,2023-07-19T09:52:26
174,Matthew Harrington,enelson@example.net,PE,2024-11-09T11:13:18
175,Nicole Herring,rachel90@example.org,KW,2024-07-28T07:48:09
176,Alex Hernandez,alexis39@example.org,CL,2024-06-20T00:48:18
177,Michael Elliott,thickman@example.org,SB,2026-04-02T09:55:15
178,Michael Wang,ashleyatkinson@example.net,CH,2025-05-19T09:36:43
179,Lawrence Adkins,patrick21@example.net,TD,2024-09-13T17:06:00
180,Robert Oconnell,brian63@example.org,AM,2025-01-20T08:20:16
181,Alexander Collins,cassie99@example.com,CA,2024-02-05T13:00:45
182,Tina Sanders,anthony47@example.com,NA,2026-06-01T14:18:49
183,Angela Vaughn,michaelpugh@example.com,NG,2024-12-07T23:17:27
184,Ashley Barton,eringuerrero@example.org,AZ,2025-07-26T11:42:33
185,Lindsay Martinez,lauren11@example.com,TH,2025-06-29T21:57:59
186,Dr. Hannah Patterson,normanbowers@example.org,SY,2025-06-02T17:52:37
187,Jonathan Peterson,gstewart@example.org,AD,2025-01-19T04:35:04
188,Samantha Garcia,hahnsean@example.com,BW,2024-10-28T10:32:32
189,Madison Poole,andersonjacob@example.com,UY,2025-08-06T09:20:14
190,Jessica Gross,fgarcia@example.com,VN,2025-11-14T21:32:41
191,Debra Morton,carlsonkristen@example.com,DZ,2023-12-27T23:18:11
192,Karen Graham,carterpaul@example.org,KI,2024-04-09T22:54:53
193,Debra Christian,ashleyjackson@example.com,SE,2026-04-09T17:38:11
194,Angelica Keith,dominicturner@example.com,TJ,2026-02-08T06:26:49
195,John Bishop,bryanhamilton@example.com,GA,2023-11-16T05:55:44
196,Allen Rosales,todd15@example.com,TD,2024-09-19T19:50:55
197,Daniel Salinas,jennifersimpson@example.net,SV,2024-02-14T09:22:07
198,Spencer Haynes,stephentaylor@example.org,PH,2025-10-25T14:51:51
199,Adam Vaughan,ncook@example.com,LV,2024-05-12T01:14:29
200,Nathan Freeman,scott69@example.org,MM,2024-08-23T19:49:38
201,Melissa Brewer,malik37@example.com,BF,2026-03-11T07:46:25
202,Ricky Davis II,tamaranovak@example.com,GR,2023-11-07T16:27:08
203,Elizabeth Perkins,yfaulkner@example.org,PH,2023-11-06T00:50:32
204,Joseph Coleman,nicholas65@example.org,LS,2023-08-09T20:18:57
205,Erin Warner,brittanygardner@example.net,TJ,2025-09-06T18:42:22
206,David Martinez,bentonsteven@example.net,VN,2026-03-19T02:28:15
207,Bryan Herrera,samuelcarter@example.net,US,2023-08-29T08:44:00
208,Cathy Robinson,fuenteslaura@example.com,PY,2025-12-31T20:10:41
209,Dr. William Warren,ttaylor@example.org,VC,2025-12-27T04:42:50
210,Brian Lee,donna66@example.org,KM,2025-04-01T06:14:09
211,Christopher Smith,eewing@example.net,MM,2026-01-13T11:52:35
212,Denise Mccann,sferguson@example.com,VC,2024-06-06T10:01:17
213,Melissa Martinez,gibbsmichael@example.net,PG,2023-09-06T20:22:28
214,Katherine Salas,rodriguezjohn@example.net,CI,2025-11-14T18:38:35
215,Julie Alexander,gabriel90@example.net,BY,2024-08-19T18:12:32
216,Anthony Everett,vrasmussen@example.com,PS,2025-11-02T03:43:59
217,Rodney Morales,smithjonathan@example.net,KM,2025-10-27T06:20:58
218,Mark Brown,seanmyers@example.net,GN,2025-07-14T07:02:21
219,Justin Torres,michaeljohnson@example.org,AD,2026-04-22T17:11:26
220,Bailey Duran DDS,robert11@example.net,LV,2024-02-27T19:10:03
221,Courtney Mills,michaelcooper@example.org,MH,2025-01-30T04:26:07
222,Jeremy Dalton,gbailey@example.com,ZW,2025-03-12T15:07:38
223,Elizabeth Oliver DDS,tflores@example.org,JP,2024-06-22T19:12:12
224,Theresa Clark,johnsonmatthew@example.org,SY,2026-01-12T19:38:15
225,Matthew Moore,sarahyang@example.net,SK,2024-10-05T22:57:48
226,Benjamin Smith,andrearivera@example.com,MR,2024-02-04T21:11:00
227,Kirk Carter,zhall@example.net,ME,2025-07-02T19:02:33
228,Michael Warner,jacobsandoval@example.com,CD,2025-08-28T08:57:15
229,Michael Bradshaw,mclaughlinnicole@example.com,BD,2025-09-11T19:16:00
230,Lori Guerrero,tprice@example.org,DM,2023-11-29T13:49:37
231,Jessica Stephens,joshuapadilla@example.org,SA,2025-03-19T06:57:04
232,Susan Serrano,lloydamanda@example.com,CU,2025-01-27T03:37:10
233,Christopher Parker,james14@example.net,VC,2025-08-29T23:52:52
234,Laura Roberts,orose@example.com,CH,2023-07-28T08:36:53
235,Michael Lyons,lcarr@example.org,WS,2026-05-06T08:10:23
236,Kathryn Snyder,michael79@example.org,NE,2024-07-16T23:51:00
237,Andrew Reynolds,samantha91@example.net,CD,2026-02-19T18:38:55
238,David Davis,lawrenceallen@example.org,IE,2026-06-08T17:07:25
239,Sara Johnston,nathanielthomas@example.com,VA,2024-03-25T12:49:26
240,Yvonne Chambers,kcarlson@example.com,FJ,2025-09-17T14:07:59
241,Andrew Avila,olopez@example.net,ET,2024-02-14T23:07:37
242,Matthew Moon,angelaburns@example.org,CL,2025-06-04T02:01:56
243,Kevin Walters,leonardhayes@example.org,MX,2024-03-15T05:58:13
244,Brandon Bailey MD,stephanie72@example.org,GM,2024-04-15T04:44:41
245,Shannon Rivera,gmaynard@example.net,PK,2025-12-07T17:03:25
246,Donna Landry,fortiz@example.com,ET,2025-12-06T20:44:54
247,Krista Gibson,fburns@example.net,VC,2026-05-01T06:26:17
248,Frank Cordova,flynnjeffrey@example.org,LU,2024-02-24T00:25:26
249,Jose Travis,jeffrey42@example.com,CD,2025-08-01T00:02:31
250,Kimberly Gutierrez,hdunn@example.net,TW,2025-01-19T06:35:44
251,Isaiah Avila,adamsamy@example.com,NI,2023-09-12T16:41:19
252,Olivia Harris,wolfscott@example.org,BD,2024-06-15T19:53:46
253,Tanya Kim,pgarcia@example.org,ZW,2025-08-07T10:20:43
254,Barbara Dudley,nancy07@example.com,GQ,2024-07-05T21:59:28
255,Cynthia Moore,michelle17@example.org,TZ,2023-10-17T13:21:44
256,Kristen Davis,jasonrojas@example.net,CM,2024-08-25T13:40:33
257,Susan Murray MD,michelle96@example.org,PG,2025-02-04T19:16:13
258,Kathleen Moran,kristenli@example.org,PK,2024-07-09T10:34:36
259,Denise Davenport,amanda98@example.org,KM,2023-09-16T09:44:33
260,Mrs. Kristen Reyes,tiffany44@example.net,TZ,2026-05-15T12:24:22
261,Katie Suarez,stephanie81@example.org,SD,2024-05-28T02:49:28
262,Desiree Tyler,rsellers@example.net,CR,2025-09-23T09:53:20
263,Timothy Romero,jacquelineanderson@example.org,SB,2025-01-23T02:09:19
264,Diane Evans,maria67@example.org,AF,2025-03-05T18:53:17
265,Yvonne Burns,courtney67@example.org,SM,2025-07-10T12:27:09
266,Joshua Reed,powellkara@example.net,LK,2025-06-17T04:03:52
267,Kimberly Gibson,shawn75@example.net,BE,2023-09-22T01:02:32
268,Colin Terry,meltonmelanie@example.org,TG,2023-09-11T21:28:59
269,Cynthia Rowe,sreid@example.com,NR,2026-04-14T08:29:00
270,Patrick Thornton,flynnraymond@example.com,TV,2024-11-26T07:58:30
271,Jasmin Alvarado,troymorris@example.com,RO,2023-12-19T06:14:08
272,Veronica Simpson,amy29@example.com,SE,2026-07-09T02:55:02
273,Jonathan Lawrence,patricia00@example.org,EE,2025-09-28T19:55:08
274,Shelly Alexander,ksmith@example.com,MD,2026-03-22T02:49:02
275,Joyce Bowen,bsmith@example.org,TT,2024-09-08T18:22:21
276,Matthew Moore,nicoleturner@example.com,EC,2024-08-23T22:51:46
277,Wayne Morgan,penajohn@example.com,ES,2025-12-26T18:40:18
278,Marie Christian,brettgarrett@example.net,CN,2025-11-03T12:34:10
279,Shannon James,rubendavis@example.org,CA,2025-12-13T14:50:22
280,Nathan Malone,lewischristian@example.net,MW,2024-04-06T23:19:09
281,Amanda Jones,aprilwallace@example.org,KM,2025-02-16T00:36:53
282,Tammie Bright,lisa62@example.com,US,2026-04-22T08:30:37
283,Jessica Garcia,perezchristopher@example.org,UZ,2025-02-18T21:55:17
284,Shelia Wallace,edwardsnicole@example.org,LI,2025-01-29T08:58:45
285,Stephanie Williams,wayala@example.org,SD,2026-01-09T19:58:58
286,Elaine Brooks,caseyelliott@example.net,MV,2026-04-21T19:52:48
287,Joseph Knight,scottbowen@example.net,NL,2023-11-09T19:43:10
288,Carolyn Miller,samanthajensen@example.com,UZ,2025-09-21T12:19:02
289,Lisa Allen,christophergarcia@example.org,MD,2024-08-05T17:32:58
290,Briana Murray,bbell@example.com,HU,2025-02-15T12:16:55
291,David Smith,johnnewman@example.org,IS,2024-06-22T04:00:53
292,Stephanie Byrd,kimberly04@example.org,MY,2025-09-21T01:27:49
293,Jeremy Reed,juliephillips@example.org,LV,2025-04-02T08:37:20
294,Margaret Coleman,troyrodriguez@example.com,KE,2025-01-10T02:43:10
295,Ryan Gonzalez,ricetiffany@example.com,PG,2024-12-28T21:27:56
296,John Young,david96@example.com,CR,2025-08-06T05:14:34
297,Laura Haney,kathrynbest@example.org,CU,2025-07-29T20:05:42
298,William Barrett,matthewsalexander@example.org,NG,2026-02-04T12:20:47
299,Keith Jennings,livingstonstacy@example.com,UY,2023-07-22T03:42:28
300,Amber Obrien,courtney86@example.com,ME,2025-08-29T11:34:01
301,Tanner Mitchell DDS,imiller@example.net,AE,2024-02-12T18:50:32
302,Heather Fields,joshuacollins@example.net,SG,2025-05-25T06:20:26
303,Megan Le,terrimoore@example.com,KG,2024-03-25T03:57:39
304,Sara Fuller,wwillis@example.net,ME,2024-07-03T04:24:20
305,Maria Parker,collinssamuel@example.org,SY,2023-11-08T15:47:08
306,Kevin Oconnor,sanchezsandy@example.org,KW,2025-09-18T05:13:02
307,Edward Burgess,dsalazar@example.com,LC,2026-04-06T12:17:23
308,Carlos Ryan,davidzimmerman@example.net,LK,2024-09-20T03:03:56
309,Kiara Mcintyre,martinstephanie@example.net,TG,2024-06-04T11:39:27
310,Dawn Summers,gary24@example.net,ZM,2024-03-01T07:05:48
311,Dr. Paul Morgan,wiseanthony@example.com,GM,2024-04-27T06:04:37
312,Victor Taylor,alexandria49@example.net,FR,2024-03-12T08:26:08
313,Shannon Ramsey,crawfordwilliam@example.org,GE,2025-01-24T14:22:42
314,Tracy Ballard,kvillarreal@example.com,VU,2026-02-01T02:40:15
315,Richard Smith,jonathangarcia@example.net,LC,2024-01-11T17:23:55
316,Jordan Chambers,perezwilliam@example.org,JP,2026-05-03T21:40:56
317,Lauren Carson,sanchezthomas@example.com,LA,2024-07-03T17:39:43
318,Ashley Hall,haroldhorne@example.org,LY,2025-04-15T23:38:48
319,Stephen Hoffman,pwalker@example.com,GQ,2024-12-05T21:23:59
320,Connie Brown,joseph19@example.com,CO,2024-01-03T23:18:04
321,Susan Turner,shawrachel@example.org,KN,2025-07-28T21:58:12
322,Charles Shah,lindajarvis@example.com,CF,2026-05-25T20:06:21
323,Johnathan Davis,wileymichelle@example.com,EE,2025-07-24T17:13:55
324,Brandy Chavez,christopher70@example.com,SC,2025-07-25T00:55:54
325,Natalie Bautista,kellymueller@example.net,SR,2024-06-03T05:20:27
326,Patrick Moore,stevenvargas@example.com,MD,2026-01-14T16:00:34
327,Brett Burns,jessicapayne@example.org,DZ,2024-03-18T09:25:28
328,Trevor Johnson,adamortiz@example.org,LI,2026-04-12T09:18:05
329,Jeremy Sampson,cynthia05@example.org,KN,2025-04-10T05:09:40
330,Ariana Jennings,usweeney@example.com,CI,2023-08-15T18:34:38
331,Vanessa Howard,harristonya@example.com,PS,2024-07-24T10:24:57
332,Colton Martinez,jwoodward@example.net,MH,2023-09-16T22:15:56
333,Jordan Bates,christopher38@example.com,TJ,2024-01-26T13:37:51
334,Linda Smith,stephen19@example.org,QA,2025-12-18T18:51:18
335,Dana Martinez,danafoster@example.net,TV,2026-01-17T02:02:59
336,Andrea Hubbard,grahamtamara@example.org,TO,2024-03-18T05:03:29
337,Daniel Kane,jose56@example.net,TL,2024-02-06T04:36:17
338,Charles Lester,louis43@example.org,KN,2026-03-15T20:41:47
339,Scott Thomas,derekcarrillo@example.org,NI,2025-09-15T06:26:16
340,David Thompson,danielcole@example.com,GQ,2023-09-10T18:52:10
341,Allison Smith,wmartinez@example.org,AE,2025-12-16T21:28:27
342,Cynthia Morris,qparker@example.org,SN,2024-02-25T01:15:22
343,Anthony Harmon,mooregina@example.net,JO,2023-10-06T18:16:44
344,Nichole Alvarez,lewismelissa@example.org,NO,2024-03-26T07:23:02
345,Kayla Rodriguez,dawsontanya@example.com,AL,2024-08-16T02:20:44
346,Theresa Williams,byrdjorge@example.org,SK,2024-04-16T14:00:51
347,Sharon Boyd,cranemelissa@example.net,CD,2025-09-21T11:29:21
348,Victor Brown,codygarcia@example.org,AR,2025-04-01T18:14:07
349,James Parks,smithmaria@example.org,MU,2026-01-27T23:23:46
350,Theodore Jones Jr.,jamesmorales@example.net,CY,2025-12-03T10:26:04
351,Ana Hill,aguilarjonathan@example.org,BF,2026-03-28T10:01:33
352,Kimberly Nguyen,osbornjames@example.net,SV,2023-08-09T19:56:00
353,Kerry Chavez DDS,flamb@example.com,BG,2026-05-04T21:22:20
354,Michael Farrell,williamssteven@example.org,FR,2024-09-24T05:40:57
355,Patricia Le,zunderwood@example.com,IQ,2023-11-22T02:39:51
356,Jesse Perez,reyesronald@example.com,GB,2024-06-12T08:54:58
357,Jesse Perry,rebekahhill@example.com,DK,2025-06-08T17:14:36
358,Jeffery Ortega,austinharvey@example.org,JO,2026-02-08T02:39:09
359,Christian Leblanc,victor87@example.org,KZ,2025-07-13T05:17:44
360,Ronald Davis,ramirezderrick@example.org,ID,2025-07-29T03:37:40
361,Parker Cain,crystalpham@example.org,CY,2024-04-01T20:55:08
362,Laurie Hoffman,wcasey@example.com,BH,2024-06-16T16:12:14
363,Bryan Gomez,kcooper@example.net,FM,2025-04-10T00:13:35
364,Nicole Parrish,paul20@example.com,KE,2026-01-30T06:37:09
365,Tracy Burke,anthonycochran@example.com,GA,2024-02-18T14:25:20
366,Kenneth Lewis,stokesthomas@example.com,GB,2026-01-02T00:21:02
367,Courtney Rodriguez,terrigarcia@example.net,SR,2024-04-19T10:51:39
368,Holly Farmer,josephvelasquez@example.net,AU,2026-03-06T00:44:45
369,Renee Bruce,gallagherstacie@example.net,MK,2026-05-01T15:12:58
370,Sabrina Austin,lkelly@example.org,PG,2025-09-12T09:54:56
371,Allison Hickman,brittanydrake@example.net,CA,2024-08-25T19:46:29
372,Debra White,robin05@example.net,VE,2024-03-28T10:50:47
373,Ellen Morgan,annalopez@example.com,GQ,2026-06-10T22:25:10
374,Sergio Knight,gregory01@example.org,SZ,2024-12-25T05:26:21
375,Charles Schultz,carolynsmith@example.com,TJ,2025-06-15T08:19:14
376,Paul Lewis,riverachristina@example.org,GR,2026-01-23T14:06:14
377,Glen Wood,jennifer50@example.org,CH,2026-01-14T08:44:34
378,Paula Bradley,brendastark@example.org,KH,2023-10-26T20:22:39
379,Anthony Moore,susan56@example.net,TJ,2024-07-02T21:48:26
380,Megan Nelson,rogersmarcus@example.org,MW,2025-02-18T10:28:10
381,Karla Ramos,fconner@example.net,GW,2025-03-01T16:47:20
382,Paul Wilson,grant89@example.com,SE,2024-02-02T06:59:37
383,Douglas Gregory,elizabetholsen@example.com,MC,2023-12-27T13:30:56
384,Mr. Andrew Foster,jessica42@example.org,JO,2023-08-06T15:13:40
385,Aimee Turner,rushstacy@example.com,MD,2024-05-21T05:49:44
386,Chad Scott,whitelucas@example.net,TL,2025-09-30T21:49:10
387,Adam Burgess,daniellegarcia@example.com,BE,2025-09-02T09:36:51
388,James Padilla,markmiller@example.com,MU,2026-06-09T00:48:37
389,Sandra Drake,gary15@example.com,MW,2025-04-24T00:49:14
390,Scott Williams,bakerjohn@example.org,NI,2024-02-29T05:46:25
391,Thomas Atkins,jonathan10@example.org,LA,2026-02-06T12:48:55
392,Laura Mckinney,akim@example.org,KW,2023-12-08T11:59:58
393,Brian Smith,ysnyder@example.com,TG,2024-04-12T12:30:24
394,Robert Montgomery,egarcia@example.net,BF,2025-07-20T03:25:02
395,Tamara Davis,franciscojones@example.org,AL,2026-02-20T21:12:04
396,Dana Chapman,andrew41@example.org,CH,2026-01-28T16:24:27
397,Jennifer Collins,george62@example.net,ID,2023-09-10T13:07:00
398,Gary Jackson,paynerachael@example.org,FR,2025-10-14T10:52:22
399,Ashley Hicks,brooke97@example.net,VN,2025-08-31T19:12:04
400,Hannah Luna,reynoldsdesiree@example.net,PA,2024-01-10T11:03:27
401,Robin Young,gmoore@example.com,GR,2023-12-03T16:06:07
402,Craig Morrison,terriortiz@example.net,ZW,2025-07-30T00:58:24
403,Mary Thompson,donna43@example.org,MA,2026-05-01T05:40:00
404,Kathleen Webster,longandrea@example.com,KN,2024-01-30T08:44:22
405,Joann Glass,briansmith@example.org,KH,2026-02-03T08:53:38
406,Madison Weber,madison97@example.org,MN,2025-10-26T15:46:01
407,Lori Hernandez,johnsongeorge@example.com,TW,2023-07-13T18:28:30
408,Jeremy Turner,wellsdarrell@example.com,TZ,2026-05-31T00:15:17
409,Anthony Romero,qburns@example.com,ST,2026-04-15T10:50:30
410,Jesse Brown,maypaul@example.com,SZ,2025-05-12T05:05:45
411,Angela Lin,cwood@example.org,UY,2025-09-29T20:56:52
412,Lisa Hunter,scott43@example.com,FJ,2025-04-25T09:57:55
413,Julian Conner,hernandezheather@example.org,RS,2025-02-06T06:24:01
414,Joanna Pacheco,barnettlindsey@example.com,FI,2023-09-17T09:13:29
415,Erica Alvarez,angelarandall@example.net,KE,2026-06-29T15:44:14
416,Antonio Garcia,rsheppard@example.com,PE,2025-10-11T22:43:11
417,Gwendolyn Klein,thomasmiller@example.net,EE,2025-05-08T06:22:37
418,Carrie Wright,shawrachel@example.net,KZ,2024-07-02T09:35:45
419,Jeffrey Mills,davidtodd@example.org,BO,2025-07-29T20:35:35
420,Jake Campbell,teresastokes@example.org,ER,2025-02-23T03:15:18
421,George Harper,hendersonvanessa@example.com,EC,2025-01-06T09:58:46
422,Maria Jones,wendyburton@example.net,LK,2026-01-11T23:01:57
423,Michael Mitchell,luis11@example.com,SG,2026-06-28T04:52:13
424,Mary Escobar,rarnold@example.net,CL,2025-12-22T21:04:09
425,Felicia Aguilar,astark@example.net,MT,2023-12-10T16:52:43
426,Gregory Ponce,jrodriguez@example.org,BB,2025-05-02T21:07:22
427,Jenna Larson,buckleyanna@example.org,NP,2024-02-04T21:15:08
428,Emily Bennett,mikayla56@example.com,IT,2024-08-10T06:50:53
429,Robin Santiago,kpena@example.net,TH,2025-07-22T02:50:34
430,Nancy Jennings,rjohnson@example.com,IN,2024-07-07T02:26:13
431,Maria Henderson,christinebecker@example.com,CO,2023-11-19T02:40:27
432,Jack White,fosternatasha@example.net,DK,2024-09-23T22:40:30
433,Travis Tucker,brandonalvarez@example.com,TV,2026-01-26T07:41:01
434,Chad Jones,andrew44@example.com,IE,2025-11-02T13:29:24
435,Ashley Wise,rgarrison@example.org,AF,2025-04-06T17:10:54
436,Sophia Johnson,dennismccann@example.com,LS,2024-08-15T09:23:40
437,Ralph Anderson,joseph69@example.net,PT,2024-04-30T12:56:33
438,Christopher Guerra,lopezjason@example.com,KN,2023-07-20T09:38:39
439,Rhonda Martin,xmalone@example.org,DE,2023-07-22T22:57:37
440,Jason Rhodes,cameronmckinney@example.com,BB,2025-12-25T18:39:03
441,Jeremy Mitchell,kimberlywarren@example.net,DE,2025-09-30T15:27:18
442,Joann Ferguson,thompsonnancy@example.org,LI,2024-01-10T22:41:49
443,Robert Harrison,wrightstephen@example.com,UG,2025-09-26T07:51:16
444,Holly Valentine,joshuacolon@example.net,BF,2023-07-23T01:56:31
445,Mrs. Diane Reyes,hreid@example.net,YE,2025-02-13T11:51:20
446,Tracy Montoya,allentracy@example.com,VE,2026-04-23T16:58:35
447,Brenda Wright,susanwells@example.net,HR,2024-05-26T00:17:32
448,Shelly Spencer,max41@example.com,KI,2026-06-14T07:31:50
449,Ryan Rosales,hughesfrank@example.net,RW,2024-11-13T15:23:52
450,Phillip Nelson,mercedesholland@example.net,TO,2025-04-07T00:34:39
451,Brittany Kim,josephortiz@example.org,SY,2025-01-24T16:07:30
452,Courtney Hayes,wellsdavid@example.org,MK,2023-12-24T11:26:19
453,Alexander Brown,walkercharlene@example.com,BN,2024-03-08T08:17:31
454,Cynthia Vang,rodney65@example.com,KN,2025-05-03T18:49:42
455,Alfred Galvan,jeffery48@example.net,LB,2026-04-19T02:14:23
456,Marie Moody,asilva@example.net,SL,2026-01-06T05:54:38
457,Dustin Gallegos,anna99@example.com,GN,2024-08-08T21:50:30
458,Brenda Thornton,gabrielle71@example.com,ER,2024-08-20T19:48:22
459,Aaron Miller,danielle44@example.net,SK,2025-10-21T17:10:02
460,Ruben Dunn,jacob83@example.org,BJ,2025-04-29T21:14:50
461,Kelsey Rodriguez,rguerrero@example.org,SD,2025-12-05T02:09:38
462,Eric Williams,rioswhitney@example.com,DJ,2025-01-29T21:55:41
463,Riley Bryant,vsullivan@example.org,NI,2026-02-16T10:17:36
464,Taylor Carlson,matthewreeves@example.net,ST,2024-09-11T23:22:11
465,Jose Allen,qknox@example.com,SO,2026-06-03T04:32:53
466,Jeffrey Mendez,megan82@example.com,NA,2025-03-20T07:53:34
467,Jason Beck,ruizjoyce@example.net,BW,2024-05-23T07:58:42
468,William Jones,staceylam@example.net,MG,2025-04-13T19:59:26
469,Katie Mcneil,walkerjeffrey@example.com,GN,2025-11-15T13:41:33
470,Jeanette Harrison,vfrench@example.com,GH,2025-11-24T01:10:17
471,Veronica King,brenda71@example.com,HR,2025-07-30T09:25:48
472,Richard Cooper,delacruzbrandy@example.net,LS,2024-04-14T12:52:40
473,Lori Ingram,kennedyjames@example.org,LS,2025-02-06T00:16:05
474,Evelyn Williams,amoreno@example.org,ML,2025-11-26T10:15:25
475,Robin Thompson,derrickgonzalez@example.com,KE,2025-11-19T22:19:23
476,Julie Dominguez,tthomas@example.org,GM,2025-08-01T09:36:51
477,Robin Brown,freemancrystal@example.org,GB,2024-08-09T03:14:40
478,Judith Carter,cynthia07@example.com,VN,2024-10-30T06:35:02
479,Curtis Williams,kathleenjackson@example.org,SM,2025-12-25T06:07:27
480,Kaylee Hays,xglover@example.org,PY,2024-12-27T20:15:42
481,Dawn Mullins,christinaschultz@example.com,TJ,2025-03-21T09:04:52
482,Howard Norman,ysanford@example.org,GB,2024-02-11T09:17:44
483,Evelyn Martinez,fergusonjessica@example.org,CF,2026-05-01T01:34:28
484,Steve Paul,katherine83@example.org,AG,2024-01-12T21:34:02
485,Jasmine Beltran,simsjohn@example.net,CI,2024-07-02T20:13:24
486,Jonathan Glass MD,larry16@example.net,SV,2025-06-04T15:59:31
487,Monica Miller,gary04@example.com,LY,2026-07-02T05:56:54
488,Samantha Gardner,mluna@example.net,PE,2024-03-19T05:53:15
489,Bobby Guerrero,ryan25@example.com,GY,2023-12-14T16:23:10
490,Lance Simmons,karen26@example.org,BA,2024-06-09T01:18:26
491,Heather Williams,jeffreymercer@example.org,VE,2025-09-08T14:08:57
492,Heather Bolton,lawrencegary@example.com,VU,2025-03-25T03:43:16
493,William Gould,brooksdanielle@example.net,HN,2024-12-18T15:36:20
494,Mark Cox,wheelerbrandon@example.org,BB,2025-11-13T04:41:50
495,Meghan Cisneros,williamsdarrell@example.com,KZ,2026-02-19T18:15:11
496,Lawrence Harrington,qmartinez@example.com,LI,2026-06-28T17:54:43
497,Austin Osborne,jamiejennings@example.org,MU,2026-06-09T08:08:26
498,James Bradley,robert18@example.com,CI,2023-09-30T18:23:50
499,Meghan Rush,robertroach@example.net,MV,2024-03-17T14:28:32
500,Phillip Berry,campbellkristen@example.com,IE,2025-03-07T08:33:53
